dataset_id,title,formats_available,has_supported_format,sized_format,file_count,size_bytes,size_mb,errors
041f1e6e-bdbc-4091-b48f-8a5990f3cc5b,Administrative enheter kommuner,FGDB;GEOJSON;GML;POSTGIS;SOSI,True,GEOJSON,1055,109880723,104.79,
30e1883e-70e9-4510-9e97-00edbdcddc02,Aktsomhetskart for jord- og flomskred,FGDB;GML;POSTGIS;SOSI,True,FGDB,679,1559424587,1487.18,
dabd2a2c-36d5-4ed7-a4c9-d49808a2b848,Aktsomhetskart for kvikkleireskred,FGDB;GML;POSTGIS;SOSI,True,FGDB,681,414818025,395.60,
54ada9d8-e6fc-48d6-82b0-5477166a4aaa,Aktsomhetskart for snøskred,FGDB;GML;POSTGIS;SOSI,True,FGDB,681,2430261027,2317.68,
4ca8af5e-ffc7-4636-847d-4eca92c4a3b0,Akvakultur - lokaliteter,FGDB;GML;SOSI,True,FGDB,506,31828499,30.35,
d6a20e09-fa68-4d57-ab43-c22e755ff60a,Ankringsområder,FGDB;GML;POSTGIS;SOSI,True,FGDB,1,150263,0.14,
45e69e05-d17f-42fd-8f01-43751b671853,Antarktis,AI;EMF;JPEG;PPTX,False,AI,1,1821819,1.74,
e0ada454-7a5e-4b2f-840e-42ddfec21f79,Arbeidsgiveravgiftsoner,FGDB;GML;POSTGIS;SOSI,True,FGDB,1,1833756,1.75,
4fb7e181-4169-4ff5-a2d7-873681563062,Arealstatistikk for Norge,XLSX,False,XLSX,1,2841419,2.71,
851bfa1c-c48a-42a2-83c6-11a4662b6d1d,Artsmangfold - Videoobserverte korallbunntyper,FGDB;GML;POSTGIS;SOSI,True,FGDB,1,1162006,1.11,
0d1bf03d-f3fa-4ba5-bbff-52543f3d066d,Artsmangfold – Svampobservasjoner per videotransekt,FGDB;GML;POSTGIS;SOSI,True,FGDB,1,291002,0.28,
ffb4ad9b-64d4-4387-a01a-1a8137f9dc84,Artsmangfold – Videoobservasjoner,FGDB;GML;POSTGIS;SOSI,True,FGDB,1,308478,0.29,
ff76986a-4f8f-42fb-b68d-0e1275460c14,B0 Stedsnavn (Bouvetøya),SOSI,False,SOSI,1,3362,0.00,
687232b8-a662-4c68-8868-005034c30649,B20 Kartdata (Bouvetøya),SOSI,False,SOSI,1,71562,0.07,
c3da3591-cded-4584-a4b1-bc61b7d1f4f2,Banenettverk,FGDB;GML;POSTGIS;SOSI,True,FGDB,302,30813744,29.39,
d80faca7-2a0d-47de-b58b-5007a2afdc74,Barmarksløyper,FGDB;GML;SOSI,True,FGDB,23,1186473,1.13,
e229a364-0caa-4a24-8dbe-225b3d83e075,Barnehager,FGDB;GML;SOSI,True,FGDB,671,23273305,22.20,
b3c319bd-910d-4663-8ce8-23a246afe879,Bergrettigheter,FGDB;GEOJSON;GML;POSTGIS;SOSI,True,GEOJSON,413,6800464,6.49,
0cfe0ce1-603a-4692-a3c3-5f6427f63a19,Bouvetøya DTM 20,TIFF,False,TIFF,1,142505,0.14,
c4436a5f-1e22-461a-8209-786f7052acb5,Brannalarmsentraler,FGDB;GML;POSTGIS;SOSI,True,FGDB,3,3770977,3.60,
0ccce81d-a72e-46ca-8bd9-57b362376485,Brannstasjoner,FGDB;GML;POSTGIS;SOSI,True,FGDB,29,991111,0.95,
7893680e-183b-4f22-9d43-876d51764675,Byggeforbudssoner kraftledninger,FGDB;GML;POSTGIS;SOSI,True,FGDB,437,34557428,32.96,
fd851873-f363-46f9-9fc6-bb1b403575df,DTM 10 Terrengmodell (UTM32),DEM;TIFF,False,DEM,146,4726012178,4507.08,
dddbb667-1303-4ac5-8640-7ec04c0e3918,DTM 10 Terrengmodell (UTM33),DEM;TIFF,False,DEM,254,7508813457,7160.96,
294c21ca-eb83-49b9-8861-bb1595ce8768,DTM 10 Terrengmodell (UTM35),DEM;TIFF,False,DEM,48,1479484569,1410.95,
e25d0104-0858-4d06-bba8-d154514c11d2,DTM 50,DEM;TIFF,False,DEM,76,227234886,216.71,
d1b5217b-871d-4591-9597-a76f5a5668fc,Dumpefelt i sjø (forurenset sjøbunn),FGDB;GML;GPKG,True,GPKG,113,731097,0.70,
871960a1-0f01-4c47-8f79-5d338b65197e,Dybdedata - kurver generaliserte,S57;SHAPE;SOSI,True,SHAPE,1,55856957,53.27,
39e022aa-c352-4351-b172-b980b03c578c,Dybdedata - terrengmodeller 25 meters grid,ENH;NED;TIFF;XYZ,False,ENH,1024,5123644960,4886.29,
13b707ad-a379-4bf0-a707-da237d646f44,Dybdedata - terrengmodeller 5 meters grid,ENH;NED;TIFF;XYZ,False,ENH,599,67883234848,64738.50,
eb2933a9-1699-40bf-b6b7-2adb66ccd714,Dybdedata - terrengmodeller 5 meters grid Søre Sunnmøre,TIFF,False,TIFF,1,120579624,114.99,
67a3a191-49cc-45bc-baf0-eaaf7c513549,Dybdedata - terrengmodeller 50 meters grid,ENH;NED;TIFF;XYZ,False,ENH,1683,2923389865,2787.96,
bbd687d0-d34f-4d95-9e60-27e330e0f76e,Dybdedata - terrengmodeller 50 meters grid landsdekkende,XYZ,False,XYZ,49,846073157,806.88,
8252baea-5bad-428b-8f18-fe236fa4ced6,Dyrkbar Jord,FGDB;GEOPACKAGE;GML;SOSI,True,GEOPACKAGE,746,,,"access restricted (Norge digitalt-begrenset), size unavailable anonymously"
825eab8c-9f97-4a21-8424-d51f0b02cada,Europa,AI;EMF;JPEG;PPTX,False,AI,1,1709706,1.63,
166382b4-82d6-4ea9-a68e-6fd0c87bf788,FKB-AR5,FGDB;GML;SOSI,True,FGDB,373,,,"access restricted (Norge digitalt-begrenset), size unavailable anonymously"
87b31015-a3de-4540-9b8b-cb1bf4e1cb3a,FKB-Arealbruk,FGDB;GML;SOSI,True,FGDB,373,,,"access restricted (Norge digitalt-begrenset), size unavailable anonymously"
3165138f-1461-44fe-8b10-eac44e08a10a,FKB-Bane,FGDB;GML;SOSI,True,FGDB,166,,,"access restricted (Norge digitalt-begrenset), size unavailable anonymously"
ede5ffb2-ee2a-44a3-852d-369a14d97f2e,FKB-BygnAnlegg,FGDB;GML;SOSI,True,FGDB,373,,,"access restricted (Norge digitalt-begrenset), size unavailable anonymously"
8b4304ea-4fb0-479c-a24d-fa225e2c6e97,FKB-Bygning,FGDB;GML;SOSI,True,FGDB,373,,,"access restricted (Norge digitalt-begrenset), size unavailable anonymously"
86d6201a-4e0b-4f61-a1dc-c94164cfd160,FKB-Grønnstruktur,FGDB;GML;GPKG;SOSI,True,GPKG,373,,,"access restricted (Norge digitalt-begrenset), size unavailable anonymously"
b49478fd-038e-4c2c-ae28-dda1958a8048,FKB-Høydekurve,FGDB;GML;SOSI,True,FGDB,372,,,"access restricted (Norge digitalt-begrenset), size unavailable anonymously"
6e05aefb-f90e-4c7d-9fb9-299574d0bbf6,FKB-Ledning,FGDB;GML;SOSI,True,FGDB,373,,,"access restricted (Norge digitalt-begrenset), size unavailable anonymously"
23dfcc33-fb04-4898-aa88-68b49c4bfea7,FKB-Lufthavn,FGDB;GML;SOSI,True,FGDB,151,,,"access restricted (Norge digitalt-begrenset), size unavailable anonymously"
aa3c01f3-0678-470d-b03b-33085a7bae28,FKB-Naturinfo,FGDB;GML;SOSI,True,FGDB,373,,,"access restricted (Norge digitalt-begrenset), size unavailable anonymously"
8944603c-9414-43a7-9421-9a1de9850a96,FKB-Tiltak,FGDB;GML;SOSI,True,FGDB,357,,,"access restricted (Norge digitalt-begrenset), size unavailable anonymously"
cc3a2d98-52ac-4699-9947-ed0625903de4,FKB-TraktorvegSti,FGDB;GML;SOSI,True,FGDB,373,,,"access restricted (Norge digitalt-begrenset), size unavailable anonymously"
595e47d9-d201-479c-a77d-cbc1f573a76b,FKB-Vann,FGDB;GML;SOSI,True,FGDB,373,,,"access restricted (Norge digitalt-begrenset), size unavailable anonymously"
4920b452-75cc-45f2-964c-3378204c3517,FKB-Veg,FGDB;GML;SOSI,True,FGDB,373,,,"access restricted (Norge digitalt-begrenset), size unavailable anonymously"
43838cda-fa62-11e6-bc64-92361f002671,Fastmerker - Høydefastmerker,FGDB;GML;POSTGIS;SOSI,True,FGDB,665,49406357,47.12,
b0bea40a-2e4b-4ae0-8439-7037a3b60181,Fastmerker - Landsnett og stamnett,FGDB;GML;POSTGIS;SOSI,True,FGDB,682,38101134,36.34,
dc37b5b6-fa60-11e6-bc64-92361f002671,Fastmerker - Trekantpunkter,FGDB;GML;POSTGIS;SOSI,True,FGDB,681,66059762,63.00,
09a40026-00e2-4fd8-b390-afd8d6f88c63,Fiskeplasser - redskap,FGDB;GML;SOSI,True,FGDB,412,49694227,47.39,
74365043-9f95-42c9-a87b-801c5c93b5e7,Fjordlinjer - Kysttorskregulering,FGDB;GML;SOSI,True,FGDB,124,4581075,4.37,
60c5024f-bf93-4d7a-888a-5fe001427195,Flom aktsomhetsområder,FGDB;GML;POSTGIS;SOSI,True,FGDB,681,6859166675,6541.41,
e95008fc-0945-4d66-8bc9-e50ab3f50401,Flomsoner,FGDB;GML;POSTGIS;SOSI,True,FGDB,364,1135568742,1082.96,
3d0fe246-ae76-4e88-af1f-c0b0405e83c1,Forsvarets skyte- og øvingsfelt i sjø,FGDB;GML;SOSI,True,FGDB,112,6324103,6.03,
53f55741-c9b3-419b-bb86-15bd2a2413e1,Fremmedartlista,FGDB;GML;POSTGIS;SOSI,True,FGDB,681,480129147,457.89,
4eccc7ed-916a-40d3-9b0c-7b02d44db0f9,Fylkeskart - kommunegrenser 2020,AI;EMF;JPEG;PPTX,False,AI,12,4735950,4.52,
82399812-ae1e-43fc-b29f-f1b28954b59b,Fylkeskart - kommunegrenser,AI;EMF;JPEG;PPTX,False,AI,15,5619624,5.36,
28c28e3a-d88f-4a34-8c60-5efe6d56a44d,GrunnkartArealanalyse,FGDB;GML;GPKG,True,GPKG,714,,,"access restricted (Norge digitalt-begrenset), size unavailable anonymously"
db4b872f-264d-434c-9574-57232f1e90d2,Grunnskoler,FGDB;GML;POSTGIS;SOSI,True,FGDB,679,23268880,22.19,
c3d6bba0-e4b0-44e6-93a4-5b379946acb7,Gyteområder,FGDB;GML;SOSI,True,FGDB,343,24178460,23.06,
4adc9b7e-17ee-4d77-a748-f244d3655485,Hastighetsfelt for Norge ITRF2008,DAT,False,DAT,1,3763,0.00,
fa06de24-a6b9-464c-9c46-fbb33ebb1482,Hornkoraller,FGDB;GML;POSTGIS;SOSI,True,FGDB,1,168155,0.16,
8ff1538a-a93c-4391-8d6f-3555fc37819c,Hovedled og Biled,FGDB;GML;POSTGIS;SOSI,True,FGDB,410,13869100,13.23,
1e8d7811-87ea-429a-8d97-4ea6bbf6e010,"Hovedled og Biled, arealavgrensning",FGDB;GML;POSTGIS;SOSI,True,FGDB,411,24587026,23.45,
f2c0561c-3c4f-4ec8-8a57-f2a27526c5e9,INSPIRE Transport Network Water,GML,True,GML,1,345946,0.33,
5bbce535-f909-44b8-b89f-1c395dc92598,Interkommunale brannvesen,FGDB;GML;POSTGIS;SOSI,True,FGDB,3,7269946,6.93,
0b57598e-768c-46cf-8af9-a04267fe833f,J1000 Kartdata,SOSI,False,SOSI,1,83274,0.08,
dc4b671f-f354-4e1f-a23b-dd717ae48e1b,Jernbane - Banenettverk - Lineære referanser,FGDB,True,FGDB,1,2382371,2.27,
c5f09d79-1546-495c-8b36-91efd4008bd7,Kart over grå arealer,GEOPACKAGE,True,GEOPACKAGE,373,,,"access restricted (Norge digitalt-begrenset), size unavailable anonymously"
eea87664-d936-478e-897a-c38ca7c478a0,Kirkebygg - forenklet,FGDB;GEOJSON;GML;GPKG,True,GPKG,682,4927950,4.70,
738d7288-f990-498b-9136-a8e9b24e9a10,Konnekteringspunkter mellom Norge og Finland,SHAPE,True,SHAPE,1,39740,0.04,
04761a69-4b64-4aac-b975-f9e0dcc8526b,Konnekteringspunkter mellom Norge og Sverige,SHAPE,True,SHAPE,1,68325,0.07,
3be8f59c-cf30-47b5-ab5d-61abab25942b,Korallrev - forbudsområder,FGDB;GML;SOSI,True,FGDB,35,1337399,1.28,
31edb985-138e-46a7-a910-a0c1cd9baf4c,Korallrev,FGDB;GML;POSTGIS;SOSI,True,FGDB,128,4470255,4.26,
68f6a2e5-8c8a-4976-870c-670add90fff6,Kulturminner - Brannvern,FGDB;GML;POSTGIS;SOSI,True,FGDB,189,5276546,5.03,
a4bfd879-120f-490e-9907-68ba870664b1,Kulturminner - Freda bygninger,FGDB;GML;POSTGIS;SOSI,True,FGDB,676,24095601,22.98,
17adbcac-bbb2-4efc-ab51-756573c8f178,Kulturminner - Kulturmiljøer,FGDB;GML;POSTGIS;SOSI,True,FGDB,497,33714904,32.15,
c72906a0-2bc2-41d7-bea2-c92d368e3c49,Kulturminner - Lokaliteter Enkeltminner og Sikringssoner,FGDB;GML;POSTGIS;SOSI,True,FGDB,693,1014109338,967.13,
93f06149-037c-48cf-b294-d166f65b6838,Kulturminner - SEFRAK-bygninger,FGDB;GML;POSTGIS;SOSI,True,FGDB,680,159922613,152.51,
a29b905c-6aaa-4283-ae2c-d167624c08a8,Kvikkleire,FGDB;GML;POSTGIS;SOSI,True,FGDB,395,71899288,68.57,
22485273-dc0c-4484-a8be-357105d65689,Lufthavn-punkt Avinor,FGDB;GML;POSTGIS;SOSI,True,FGDB,19,619862,0.59,
fb59846b-edb3-4631-ba85-90dd0193e3be,Låssettingsplasser,FGDB;GML;POSTGIS;SOSI,True,FGDB,314,18480512,17.62,
06aed811-f575-4fc8-99b3-3379f61e401c,Mareano bunnprøver linjer,FGDB;GML;POSTGIS;SOSI,True,FGDB,1,575235,0.55,
ccff1ba4-898b-4b47-a4a8-ba5466922d20,Mareano bunnprøver punkt,FGDB;GML;POSTGIS;SOSI,True,FGDB,1,238242,0.23,
1f9e17d4-bf56-4bf4-a2a8-7d17a0873761,Mareano bunnprøvestasjoner,FGDB;GML;POSTGIS;SOSI,True,FGDB,1,68873,0.07,
7bc25711-fc24-4a99-9e12-abbfb5de56cc,Mareano kjemistasjoner,FGDB;GML;POSTGIS;SOSI,True,FGDB,1,62009,0.06,
c0dd755e-bcbf-4ada-bd4b-386dfbc37c92,Mareano referansestasjoner,FGDB;GML;POSTGIS;SOSI,True,FGDB,1,303100,0.29,
8bb5b637-51a8-4f0d-905a-378493ae2354,Mareano videostasjoner,FGDB;GML;POSTGIS;SOSI,True,FGDB,1,281913,0.27,
58710d15-bad5-40e1-bcce-29c4b67cc787,Mareanoprøver - Artsmangfold,FGDB;GML;POSTGIS;SOSI,True,FGDB,1,320490,0.31,
45e9ba77-388c-40eb-87df-e34e9d9ab300,Markagrensen,FGDB;GML;GPX;POSTGIS;SOSI,True,FGDB,1,365603,0.35,
f7df7a18-b30f-4745-bd64-d0863812350c,Matrikkelen - Adresse,CSV;FGDB;GML;POSTGIS;SOSI,True,FGDB,683,933887070,890.62,
365b0591-b536-42a6-a20d-22e404fbfe55,Matrikkelen - Adresse Leilighetsnivå,CSV;FGDB;GML;POSTGIS;SOSI,True,FGDB,683,1415951723,1350.36,
24d7e9d1-87f6-45a0-b38e-3447f8d7f9a1,Matrikkelen - Bygningspunkt,FGDB;GML;POSTGIS;SOSI,True,FGDB,683,2837395994,2705.95,
74340c24-1c8a-4454-b813-bfe498e80f16,Matrikkelen - Eiendomskart Teig,FGDB;GML;POSTGIS;SOSI,True,FGDB,683,24557923931,23420.26,
cadd7b67-892b-44cb-8d9c-9cdf92d6d92b,Menneskelig påvirkning - Marint søppel per videotransekt,FGDB;GML;POSTGIS;SOSI,True,FGDB,1,133227,0.13,
35869c89-6132-4183-8daa-6d0db92f4879,Menneskelig påvirkning - Marint søppel per videotransekt,FGDB;GML;POSTGIS;SOSI,True,FGDB,1,130794,0.12,
d2d25fce-8fb6-4957-8fd9-95f5d79dcdd0,Menneskelig påvirkning -Tapte fiskeredskaper (langs videotransekt),FGDB;GML;POSTGIS;SOSI,True,FGDB,6,455132,0.43,
35ef918f-ecb2-47ac-953b-1479dc5579c9,Militære forbudsområder innen sjøforsvaret,FGDB;GML;POSTGIS;SOSI,True,FGDB,1,378836,0.36,
11a70876-5b21-4cc6-8229-902266c4968f,N100 Kartdata,FGDB;GML;POSTGIS;SOSI,True,FGDB,681,5055814264,4821.60,
d87fde8d-f151-4560-8aa1-7ecb6a5d90f4,N100 Raster (UTM33) - Rutevis,TIFF,False,TIFF,374,3610207652,3442.96,
aee42bb6-d0e9-4d70-86fe-6ea76c381055,N1000 Kartdata,FGDB;GML;POSTGIS;SOSI,True,FGDB,29,66521455,63.44,
6a21de44-5a66-49b3-89e9-88c8bd0b948f,N1000 Raster,TIFF,False,TIFF,4,111297406,106.14,
b187c449-04ac-42fe-9eab-83d81bf338bc,N20 Bygning,SOSI,False,SOSI,357,,,"access restricted (Norge digitalt-begrenset), size unavailable anonymously"
c9e53371-c296-4631-a08d-2e7248a81757,N20 Kartdata,SOSI,False,SOSI,357,,,"access restricted (Norge digitalt-begrenset), size unavailable anonymously"
8d52075d-6ef6-4120-8041-d0c0901f21f7,N2000 Kartdata,FGDB;GML;POSTGIS;SOSI,True,FGDB,29,17252032,16.45,
3a62a8dc-39ac-4309-a9e8-9e03ff1bfa87,N2000 Raster,TIFF,False,TIFF,1,48180895,45.95,
442cae64-b447-478d-b384-545bc1d9ab48,N250 Kartdata,FGDB;GML;POSTGIS;SOSI,True,FGDB,681,1539059728,1467.76,
d2ae29bd-0692-40de-a173-833afcddfe22,N250 Raster,TIFF,False,TIFF,27,0,0.00,"TIFF-format,  0101, Halden: HTTP 404 on HEAD; TIFF-format,  0102, Sarpsborg: HTTP 404 on HEAD; TIFF-format,  0103, Fredrikstad: HTTP 404 on HEAD; TIFF-format,  0104, Moss: HTTP 404 on HEAD; TIFF-format,  0105, Sarpsborg: HTTP 404 on HEAD; TIFF-format,  0106, Fredrikstad: HTTP 404 on HEAD; TIFF-format,  0111, Hvaler: HTTP 404 on HEAD; TIFF-format,  0113, Borge: HTTP 404 on HEAD; TIFF-format,  0114, Varteig: HTTP 404 on HEAD; TIFF-format,  0115, Skjeberg: HTTP 404 on HEAD; TIFF-format,  0118, Aremark: HTTP 404 on HEAD; TIFF-format,  0119, Marker: HTTP 404 on HEAD; TIFF-format,  0121, Rømskog: HTTP 404 on HEAD; TIFF-format,  0122, Trøgstad: HTTP 404 on HEAD; TIFF-format,  0123, Spydeberg: HTTP 404 on HEAD; TIFF-format,  0124, Askim: HTTP 404 on HEAD; TIFF-format,  0125, Eidsberg: HTTP 404 on HEAD; TIFF-format,  0127, Skiptvet: HTTP 404 on HEAD; TIFF-format,  0128, Rakkestad: HTTP 404 on HEAD; TIFF-format,  0130, Tune: HTTP 404 on HEAD; TIFF-format,  0131, Rolvsøy: HTTP 404 on HEAD; TIFF-format,  0133, Kråkerøy: HTTP 404 on HEAD; TIFF-format,  0134, Onsøy: HTTP 404 on HEAD; TIFF-format,  0135, Råde: HTTP 404 on HEAD; TIFF-format,  0136, Rygge: HTTP 404 on HEAD; TIFF-format,  0137, Våler: HTTP 404 on HEAD; TIFF-format,  0138, Hobøl: HTTP 404 on HEAD"
6bb353c3-2b21-42fe-b296-31e60f64f95d,N5 Kartdata,SOSI,False,SOSI,357,,,"access restricted (Norge digitalt-begrenset), size unavailable anonymously"
61f2b119-0b47-4f96-b97e-721e191cfcda,N5 Presentasjonsdata,FGDB;GML;SOSI,True,FGDB,372,,,"access restricted (Norge digitalt-begrenset), size unavailable anonymously"
bd23cc07-45d3-4346-a8cd-e8c9f506656e,N5 Raster,TIFF,False,TIFF,357,,,"access restricted (Norge digitalt-begrenset), size unavailable anonymously"
ea192681-d039-42ec-b1bc-f3ce04c189ac,N50 Kartdata,FGDB;GML;POSTGIS;SOSI,True,FGDB,681,19703838811,18791.05,
bbe517ba-3b3a-4c96-a78e-104f6c4804d1,N50 Raster (UTM32) - Rutevis,TIFF,False,TIFF,770,11711625963,11169.08,
1a7d4919-fc5d-4278-9ae9-45ee23f26808,N50 Raster (UTM33) - Rutevis,TIFF,False,TIFF,1336,35513852834,33868.65,
7938fc49-4550-4502-a438-d36e0d12783c,N50 Raster (UTM35) - Rutevis,TIFF,False,TIFF,245,2177174377,2076.32,
58e0dbf8-0d47-47c8-8086-107a3fa2dfa4,N500 Kartdata,FGDB;GML;POSTGIS;SOSI,True,FGDB,29,179422492,171.11,
b466d866-8e32-438b-bb58-80e52fe85ada,N500 Raster,TIFF,False,TIFF,27,0,0.00,"TIFF-format,  0101, Halden: HTTP 404 on HEAD; TIFF-format,  0102, Sarpsborg: HTTP 404 on HEAD; TIFF-format,  0103, Fredrikstad: HTTP 404 on HEAD; TIFF-format,  0104, Moss: HTTP 404 on HEAD; TIFF-format,  0105, Sarpsborg: HTTP 404 on HEAD; TIFF-format,  0106, Fredrikstad: HTTP 404 on HEAD; TIFF-format,  0111, Hvaler: HTTP 404 on HEAD; TIFF-format,  0113, Borge: HTTP 404 on HEAD; TIFF-format,  0114, Varteig: HTTP 404 on HEAD; TIFF-format,  0115, Skjeberg: HTTP 404 on HEAD; TIFF-format,  0118, Aremark: HTTP 404 on HEAD; TIFF-format,  0119, Marker: HTTP 404 on HEAD; TIFF-format,  0121, Rømskog: HTTP 404 on HEAD; TIFF-format,  0122, Trøgstad: HTTP 404 on HEAD; TIFF-format,  0123, Spydeberg: HTTP 404 on HEAD; TIFF-format,  0124, Askim: HTTP 404 on HEAD; TIFF-format,  0125, Eidsberg: HTTP 404 on HEAD; TIFF-format,  0127, Skiptvet: HTTP 404 on HEAD; TIFF-format,  0128, Rakkestad: HTTP 404 on HEAD; TIFF-format,  0130, Tune: HTTP 404 on HEAD; TIFF-format,  0131, Rolvsøy: HTTP 404 on HEAD; TIFF-format,  0133, Kråkerøy: HTTP 404 on HEAD; TIFF-format,  0134, Onsøy: HTTP 404 on HEAD; TIFF-format,  0135, Råde: HTTP 404 on HEAD; TIFF-format,  0136, Rygge: HTTP 404 on HEAD; TIFF-format,  0137, Våler: HTTP 404 on HEAD; TIFF-format,  0138, Hobøl: HTTP 404 on HEAD"
c777d53d-8916-4d9d-bae4-6d5140e0c569,N5000 Kartdata,FGDB;GML;POSTGIS;SOSI,True,FGDB,3,4238167,4.04,
7e1b827e-3ccd-48a8-91ce-cc8125d6e4c1,N5000 Raster,TIFF,False,TIFF,1,6226044,5.94,
8d0f9066-34f9-4423-be12-8e8523089313,NVDB Ruteplan nettverksdatasett,FGDB;SPATIALITE,True,FGDB,1,581737440,554.79,
b12d041d-03d4-4562-b333-bc9d7c9bd123,Nasjonale laksefjorder,FGDB;GML;SOSI,True,FGDB,174,26322974,25.10,
28c896d0-8a0d-4209-bf31-4931033b1082,Nasjonalt register over luftfartshindre,FGDB;GML;POSTGIS,True,FGDB,77,,,"access restricted (Norge digitalt-begrenset), size unavailable anonymously"
77512fbd-cfc5-497a-8c41-ebaf5f736ded,Naturtyper i Norge - Landskap,FGDB;GML;POSTGIS;SOSI,True,FGDB,681,124676268,118.90,
9f71a24b-9997-409f-8e42-ce6f0c62e073,Nettanlegg,FGDB;GML;POSTGIS;SOSI,True,FGDB,679,239694072,228.59,
e43e9a94-f1db-4629-8de5-908f0aaf7087,NiN grunntyper og hovedtyper av saltvannssjøbunn,FGDB;GML;POSTGIS;SOSI,True,FGDB,1,391850,0.37,
a374f867-60c0-4524-9eda-b15ab4d12858,Norge,AI;EMF;JPEG;PPTX,False,AI,1,5576646,5.32,
870d142b-a8fd-4f26-9c72-948d79c1a454,Norges maritime grenser,AI;EMF;JPEG,False,AI,1,615863,0.59,
e106adf4-c9d8-4fce-a9b5-7886a4126d23,Norges maritime grenser,FGDB;GML;POSTGIS;SOSI,True,FGDB,2,3681964,3.51,
0a850dd9-3c45-4cde-b3c5-b61d6157871d,Norgesrelieff,TIFF,False,TIFF,1,138650517,132.23,
7d76ca2a-31c7-482c-8557-e477c9ac12a2,Nødhavner,FGDB;GML;SOSI,True,FGDB,303,679804,0.65,
f8fcb5a3-552b-40cc-a2d4-d3f0bf6a9f97,Organiske miljøgifter i marine sedimenter,FGDB;GML;POSTGIS;SOSI,True,FGDB,1,45183,0.04,
02f4d2fd-c803-4be1-9c93-866b68c013de,Saltvannssjobunntyper,FGDB;GML;POSTGIS;SOSI,True,FGDB,1,137503,0.13,
